ID,Name,Email,Phone
1,John Doe,john.doe@example.com,123-456-7890
2,Jane Smith,jane.smith@example.com,234-567-8901
3,Robert Johnson,robert.johnson@example.com,345-678-9012
4,Lisa Brown,lisa.brown@example.com,456-789-0123
5,Michael Davis,michael.davis@example.com,567-890-1234
6,Susan Martinez,susan.martinez@example.com,678-901-2345
7,David Garcia,david.garcia@example.com,789-012-3456
8,Emily Wilson,emily.wilson@example.com,890-123-4567
9,William Moore,william.moore@example.com,901-234-5678
10,Amy Taylor,amy.taylor@example.com,012-345-6789
11,James Anderson,james.anderson@example.com,123-456-7891
12,Mary Thomas,mary.thomas@example.com,234-567-8902
13,Joseph Jackson,joseph.jackson@example.com,345-678-9013
14,Patricia White,patricia.white@example.com,456-789-0124
15,Charles Harris,charles.harris@example.com,567-890-1235
16,Barbara Clark,barbara.clark@example.com,678-901-2346
17,Thomas Lewis,thomas.lewis@example.com,789-012-3457
18,Karen Robinson,karen.robinson@example.com,890-123-4568
19,Steven Walker,steven.walker@example.com,901-234-5679
20,Rebecca Hall,rebecca.hall@example.com,012-345-6790
21,Richard Young,richard.young@example.com,123-456-7892
22,Linda Allen,linda.allen@example.com,234-567-8903
23,Joseph Scott,joseph.scott@example.com,345-678-9014
24,Sharon King,sharon.king@example.com,456-789-0125
25,Brian Lee,brian.lee@example.com,567-890-1236

